aaaaab,1
aaaaac,1
aaaaad,1
aaaaae,1
aaaaaf,1
aaaaag,1
aaaaah,1
aaaaai,1
aaaaaj,1
aaaaba,1
aaaabb,1
aaaabc,1
aaaabd,1
aaaabe,1
aaaabf,1
aaaabg,1
aaaabh,1
aaaabi,1
aaaabj,1
aaaaca,1
aaaacb,1
aaaacc,1
aaaacd,1
aaaace,1
aaaacf,1
aaaacg,1
aaaach,1
aaaaci,1
aaaacj,1
aaaada,1
aaaadb,1
aaaadc,1
aaaadd,1
aaaade,1
aaaadf,1
aaaadg,1
aaaadh,1
aaaadi,1
aaaadj,1
aaaaea,1
aaaaeb,1
aaaaec,1
aaaaed,1
aaaaee,1
aaaaef,1
aaaaeg,1
aaaaeh,1
aaaaei,1
aaaaej,1
aaaafa,1
aaaafb,1
aaaafc,1
aaaafd,1
aaaafe,1
aaaaff,1
aaaafg,1
aaaafh,1
aaaafi,1
aaaafj,1
aaaaga,1
aaaagb,1
aaaagc,1
aaaagd,1
aaaage,1
aaaagf,1
aaaagg,1
aaaagh,1
aaaagi,1
aaaagj,1
aaaaha,1
aaaahb,1
aaaahc,1
aaaahd,1
aaaahe,1
aaaahf,1
aaaahg,1
aaaahh,1
aaaahi,1
aaaahj,1
aaaaia,1
aaaaib,1
aaaaic,1
aaaaid,1
aaaaie,1
aaaaif,1
aaaaig,1
aaaaih,1
aaaaii,1
aaaaij,1
aaaaja,1
aaaajb,1
aaaajc,1
aaaajd,1
aaaaje,1
aaaajf,1
aaaajg,1
aaaajh,1
aaaaji,1
aaaajj,1
aaabaa,1
aaabab,1
aaabac,1
aaabad,1
aaabae,1
aaabaf,1
aaabag,1
aaabah,1
aaabai,1
aaabaj,1
aaabba,1
aaabbb,1
aaabbc,1
aaabbd,1
aaabbe,1
aaabbf,1
aaabbg,1
aaabbh,1
aaabbi,1
aaabbj,1
aaabca,1
aaabcb,1
aaabcc,1
aaabcd,1
aaabce,1
aaabcf,1
aaabcg,1
aaabch,1
aaabci,1
aaabcj,1
aaabda,1
aaabdb,1
aaabdc,1
aaabdd,1
aaabde,1
aaabdf,1
aaabdg,1
aaabdh,1
aaabdi,1
aaabdj,1
aaabea,1
aaabeb,1
aaabec,1
aaabed,1
aaabee,1
aaabef,1
aaabeg,1
aaabeh,1
aaabei,1
aaabej,1
aaabfa,1
aaabfb,1
aaabfc,1
aaabfd,1
aaabfe,1
aaabff,1
aaabfg,1
aaabfh,1
aaabfi,1
aaabfj,1
aaabga,1
aaabgb,1
aaabgc,1
aaabgd,1
aaabge,1
aaabgf,1
aaabgg,1
aaabgh,1
aaabgi,1
aaabgj,1
aaabha,1
aaabhb,1
aaabhc,1
aaabhd,1
aaabhe,1
aaabhf,1
aaabhg,1
aaabhh,1
aaabhi,1
aaabhj,1
aaabia,1
aaabib,1
aaabic,1
aaabid,1
aaabie,1
aaabif,1
aaabig,1
aaabih,1
aaabii,1
aaabij,1
aaabja,1
aaabjb,1
aaabjc,1
aaabjd,1
aaabje,1
aaabjf,1
aaabjg,1
aaabjh,1
aaabji,1
aaabjj,1
aaacaa,1
aaacab,1
aaacac,1
aaacad,1
aaacae,1
aaacaf,1
aaacag,1
aaacah,1
aaacai,1
aaacaj,1
aaacba,1
aaacbb,1
aaacbc,1
aaacbd,1
aaacbe,1
aaacbf,1
aaacbg,1
aaacbh,1
aaacbi,1
aaacbj,1
aaacca,1
aaaccb,1
aaaccc,1
aaaccd,1
aaacce,1
aaaccf,1
aaaccg,1
aaacch,1
aaacci,1
aaaccj,1
aaacda,1
aaacdb,1
aaacdc,1
aaacdd,1
aaacde,1
aaacdf,1
aaacdg,1
aaacdh,1
aaacdi,1
aaacdj,1
aaacea,1
aaaceb,1
aaacec,1
aaaced,1
aaacee,1
aaacef,1
aaaceg,1
aaaceh,1
aaacei,1
aaacej,1
aaacfa,1
aaacfb,1
aaacfc,1
aaacfd,1
aaacfe,1
aaacff,1
aaacfg,1
aaacfh,1
aaacfi,1
aaacfj,1
aaacga,1
aaacgb,1
aaacgc,1
aaacgd,1
aaacge,1
aaacgf,1
aaacgg,1
aaacgh,1
aaacgi,1
aaacgj,1
aaacha,1
aaachb,1
aaachc,1
aaachd,1
aaache,1
aaachf,1
aaachg,1
aaachh,1
aaachi,1
aaachj,1
aaacia,1
aaacib,1
aaacic,1
aaacid,1
aaacie,1
aaacif,1
aaacig,1
aaacih,1
aaacii,1
aaacij,1
aaacja,1
aaacjb,1
aaacjc,1
aaacjd,1
aaacje,1
aaacjf,1
aaacjg,1
aaacjh,1
aaacji,1
aaacjj,1
aaadaa,1
aaadab,1
aaadac,1
aaadad,1
aaadae,1
aaadaf,1
aaadag,1
aaadah,1
aaadai,1
aaadaj,1
aaadba,1
aaadbb,1
aaadbc,1
aaadbd,1
aaadbe,1
aaadbf,1
aaadbg,1
aaadbh,1
aaadbi,1
aaadbj,1
aaadca,1
aaadcb,1
aaadcc,1
aaadcd,1
aaadce,1
aaadcf,1
aaadcg,1
aaadch,1
aaadci,1
aaadcj,1
aaadda,1
aaaddb,1
aaaddc,1
aaaddd,1
aaadde,1
aaaddf,1
aaaddg,1
aaaddh,1
aaaddi,1
aaaddj,1
aaadea,1
aaadeb,1
aaadec,1
aaaded,1
aaadee,1
aaadef,1
aaadeg,1
aaadeh,1
aaadei,1
aaadej,1
aaadfa,1
aaadfb,1
aaadfc,1
aaadfd,1
aaadfe,1
aaadff,1
aaadfg,1
aaadfh,1
aaadfi,1
aaadfj,1
aaadga,1
aaadgb,1
aaadgc,1
aaadgd,1
aaadge,1
aaadgf,1
aaadgg,1
aaadgh,1
aaadgi,1
aaadgj,1
aaadha,1
aaadhb,1
aaadhc,1
aaadhd,1
aaadhe,1
aaadhf,1
aaadhg,1
aaadhh,1
aaadhi,1
aaadhj,1
aaadia,1
aaadib,1
aaadic,1
aaadid,1
aaadie,1
aaadif,1
aaadig,1
aaadih,1
aaadii,1
aaadij,1
aaadja,1
aaadjb,1
aaadjc,1
aaadjd,1
aaadje,1
aaadjf,1
aaadjg,1
aaadjh,1
aaadji,1
aaadjj,1
aaaeaa,1
aaaeab,1
aaaeac,1
aaaead,1
aaaeae,1
aaaeaf,1
aaaeag,1
aaaeah,1
aaaeai,1
aaaeaj,1
aaaeba,1
aaaebb,1
aaaebc,1
aaaebd,1
aaaebe,1
aaaebf,1
aaaebg,1
aaaebh,1
aaaebi,1
aaaebj,1
aaaeca,1
aaaecb,1
aaaecc,1
aaaecd,1
aaaece,1
aaaecf,1
aaaecg,1
aaaech,1
aaaeci,1
aaaecj,1
aaaeda,1
aaaedb,1
aaaedc,1
aaaedd,1
aaaede,1
aaaedf,1
aaaedg,1
aaaedh,1
aaaedi,1
aaaedj,1
aaaeea,1
aaaeeb,1
aaaeec,1
aaaeed,1
aaaeee,1
aaaeef,1
aaaeeg,1
aaaeeh,1
aaaeei,1
aaaeej,1
aaaefa,1
aaaefb,1
aaaefc,1
aaaefd,1
aaaefe,1
aaaeff,1
aaaefg,1
aaaefh,1
aaaefi,1
aaaefj,1
aaaega,1
aaaegb,1
aaaegc,1
aaaegd,1
aaaege,1
aaaegf,1
aaaegg,1
aaaegh,1
aaaegi,1
aaaegj,1
aaaeha,1
aaaehb,1
aaaehc,1
aaaehd,1
aaaehe,1
aaaehf,1
aaaehg,1
aaaehh,1
aaaehi,1
aaaehj,1
aaaeia,1
aaaeib,1
aaaeic,1
aaaeid,1
aaaeie,1
aaaeif,1
aaaeig,1
aaaeih,1
aaaeii,1
aaaeij,1
aaaeja,1
aaaejb,1
aaaejc,1
aaaejd,1
aaaeje,1
aaaejf,1
aaaejg,1
aaaejh,1
aaaeji,1
aaaejj,1
aaafaa,1
aaafab,1
aaafac,1
aaafad,1
aaafae,1
aaafaf,1
aaafag,1
aaafah,1
aaafai,1
aaafaj,1
aaafba,1
aaafbb,1
aaafbc,1
aaafbd,1
aaafbe,1
aaafbf,1
aaafbg,1
aaafbh,1
aaafbi,1
aaafbj,1
aaafca,1
aaafcb,1
aaafcc,1
aaafcd,1
aaafce,1
aaafcf,1
aaafcg,1
aaafch,1
aaafci,1
aaafcj,1
aaafda,1
aaafdb,1
aaafdc,1
aaafdd,1
aaafde,1
aaafdf,1
aaafdg,1
aaafdh,1
aaafdi,1
aaafdj,1
aaafea,1
aaafeb,1
aaafec,1
aaafed,1
aaafee,1
aaafef,1
aaafeg,1
aaafeh,1
aaafei,1
aaafej,1
aaaffa,1
aaaffb,1
aaaffc,1
aaaffd,1
aaaffe,1
aaafff,1
aaaffg,1
aaaffh,1
aaaffi,1
aaaffj,1
aaafga,1
aaafgb,1
aaafgc,1
aaafgd,1
aaafge,1
aaafgf,1
aaafgg,1
aaafgh,1
aaafgi,1
aaafgj,1
aaafha,1
aaafhb,1
aaafhc,1
aaafhd,1
aaafhe,1
aaafhf,1
aaafhg,1
aaafhh,1
aaafhi,1
aaafhj,1
aaafia,1
aaafib,1
aaafic,1
aaafid,1
aaafie,1
aaafif,1
aaafig,1
aaafih,1
aaafii,1
aaafij,1
aaafja,1
aaafjb,1
aaafjc,1
aaafjd,1
aaafje,1
aaafjf,1
aaafjg,1
aaafjh,1
aaafji,1
aaafjj,1
aaagaa,1
aaagab,1
aaagac,1
aaagad,1
aaagae,1
aaagaf,1
aaagag,1
aaagah,1
aaagai,1
aaagaj,1
aaagba,1
aaagbb,1
aaagbc,1
aaagbd,1
aaagbe,1
aaagbf,1
aaagbg,1
aaagbh,1
aaagbi,1
aaagbj,1
aaagca,1
aaagcb,1
aaagcc,1
aaagcd,1
aaagce,1
aaagcf,1
aaagcg,1
aaagch,1
aaagci,1
aaagcj,1
aaagda,1
aaagdb,1
aaagdc,1
aaagdd,1
aaagde,1
aaagdf,1
aaagdg,1
aaagdh,1
aaagdi,1
aaagdj,1
aaagea,1
aaageb,1
aaagec,1
aaaged,1
aaagee,1
aaagef,1
aaageg,1
aaageh,1
aaagei,1
aaagej,1
aaagfa,1
aaagfb,1
aaagfc,1
aaagfd,1
aaagfe,1
aaagff,1
aaagfg,1
aaagfh,1
aaagfi,1
aaagfj,1
aaagga,1
aaaggb,1
aaaggc,1
aaaggd,1
aaagge,1
aaaggf,1
aaaggg,1
aaaggh,1
aaaggi,1
aaaggj,1
aaagha,1
aaaghb,1
aaaghc,1
aaaghd,1
aaaghe,1
aaaghf,1
aaaghg,1
aaaghh,1
aaaghi,1
aaaghj,1
aaagia,1
aaagib,1
aaagic,1
aaagid,1
aaagie,1
aaagif,1
aaagig,1
aaagih,1
aaagii,1
aaagij,1
aaagja,1
aaagjb,1
aaagjc,1
aaagjd,1
aaagje,1
aaagjf,1
aaagjg,1
aaagjh,1
aaagji,1
aaagjj,1
aaahaa,1
aaahab,1
aaahac,1
aaahad,1
aaahae,1
aaahaf,1
aaahag,1
aaahah,1
aaahai,1
aaahaj,1
aaahba,1
aaahbb,1
aaahbc,1
aaahbd,1
aaahbe,1
aaahbf,1
aaahbg,1
aaahbh,1
aaahbi,1
aaahbj,1
aaahca,1
aaahcb,1
aaahcc,1
aaahcd,1
aaahce,1
aaahcf,1
aaahcg,1
aaahch,1
aaahci,1
aaahcj,1
aaahda,1
aaahdb,1
aaahdc,1
aaahdd,1
aaahde,1
aaahdf,1
aaahdg,1
aaahdh,1
aaahdi,1
aaahdj,1
aaahea,1
aaaheb,1
aaahec,1
aaahed,1
aaahee,1
aaahef,1
aaaheg,1
aaaheh,1
aaahei,1
aaahej,1
aaahfa,1
aaahfb,1
aaahfc,1
aaahfd,1
aaahfe,1
aaahff,1
aaahfg,1
aaahfh,1
aaahfi,1
aaahfj,1
aaahga,1
aaahgb,1
aaahgc,1
aaahgd,1
aaahge,1
aaahgf,1
aaahgg,1
aaahgh,1
aaahgi,1
aaahgj,1
aaahha,1
aaahhb,1
aaahhc,1
aaahhd,1
aaahhe,1
aaahhf,1
aaahhg,1
aaahhh,1
aaahhi,1
aaahhj,1
aaahia,1
aaahib,1
aaahic,1
aaahid,1
aaahie,1
aaahif,1
aaahig,1
aaahih,1
aaahii,1
aaahij,1
aaahja,1
aaahjb,1
aaahjc,1
aaahjd,1
aaahje,1
aaahjf,1
aaahjg,1
aaahjh,1
aaahji,1
aaahjj,1
aaaiaa,1
aaaiab,1
aaaiac,1
aaaiad,1
aaaiae,1
aaaiaf,1
aaaiag,1
aaaiah,1
aaaiai,1
aaaiaj,1
aaaiba,1
aaaibb,1
aaaibc,1
aaaibd,1
aaaibe,1
aaaibf,1
aaaibg,1
aaaibh,1
aaaibi,1
aaaibj,1
aaaica,1
aaaicb,1
aaaicc,1
aaaicd,1
aaaice,1
aaaicf,1
aaaicg,1
aaaich,1
aaaici,1
aaaicj,1
aaaida,1
aaaidb,1
aaaidc,1
aaaidd,1
aaaide,1
aaaidf,1
aaaidg,1
aaaidh,1
aaaidi,1
aaaidj,1
aaaiea,1
aaaieb,1
aaaiec,1
aaaied,1
aaaiee,1
aaaief,1
aaaieg,1
aaaieh,1
aaaiei,1
aaaiej,1
aaaifa,1
aaaifb,1
aaaifc,1
aaaifd,1
aaaife,1
aaaiff,1
aaaifg,1
aaaifh,1
aaaifi,1
aaaifj,1
aaaiga,1
aaaigb,1
aaaigc,1
aaaigd,1
aaaige,1
aaaigf,1
aaaigg,1
aaaigh,1
aaaigi,1
aaaigj,1
aaaiha,1
aaaihb,1
aaaihc,1
aaaihd,1
aaaihe,1
aaaihf,1
aaaihg,1
aaaihh,1
aaaihi,1
aaaihj,1
aaaiia,1
aaaiib,1
aaaiic,1
aaaiid,1
aaaiie,1
aaaiif,1
aaaiig,1
aaaiih,1
aaaiii,1
aaaiij,1
aaaija,1
aaaijb,1
aaaijc,1
aaaijd,1
aaaije,1
aaaijf,1
aaaijg,1
aaaijh,1
aaaiji,1
aaaijj,1
aaajaa,1
aaajab,1
aaajac,1
aaajad,1
aaajae,1
aaajaf,1
aaajag,1
aaajah,1
aaajai,1
aaajaj,1
aaajba,1
aaajbb,1
aaajbc,1
aaajbd,1
aaajbe,1
aaajbf,1
aaajbg,1
aaajbh,1
aaajbi,1
aaajbj,1
aaajca,1
aaajcb,1
aaajcc,1
aaajcd,1
aaajce,1
aaajcf,1
aaajcg,1
aaajch,1
aaajci,1
aaajcj,1
aaajda,1
aaajdb,1
aaajdc,1
aaajdd,1
aaajde,1
aaajdf,1
aaajdg,1
aaajdh,1
aaajdi,1
aaajdj,1
aaajea,1
aaajeb,1
aaajec,1
aaajed,1
aaajee,1
aaajef,1
aaajeg,1
aaajeh,1
aaajei,1
aaajej,1
aaajfa,1
aaajfb,1
aaajfc,1
aaajfd,1
aaajfe,1
aaajff,1
aaajfg,1
aaajfh,1
aaajfi,1
aaajfj,1
aaajga,1
aaajgb,1
aaajgc,1
aaajgd,1
aaajge,1
aaajgf,1
aaajgg,1
aaajgh,1
aaajgi,1
aaajgj,1
aaajha,1
aaajhb,1
aaajhc,1
aaajhd,1
aaajhe,1
aaajhf,1
aaajhg,1
aaajhh,1
aaajhi,1
aaajhj,1
aaajia,1
aaajib,1
aaajic,1
aaajid,1
aaajie,1
aaajif,1
aaajig,1
aaajih,1
aaajii,1
aaajij,1
aaajja,1
aaajjb,1
aaajjc,1
aaajjd,1
aaajje,1
aaajjf,1
aaajjg,1
aaajjh,1
aaajji,1
aaajjj,1
aabaaa,1
aabaab,1
aabaac,1
aabaad,1
aabaae,1
aabaaf,1
aabaag,1
aabaah,1
aabaai,1
aabaaj,1
aababa,1
aababb,1
aababc,1
aababd,1
aababe,1
aababf,1
aababg,1
aababh,1
aababi,1
aababj,1
aabaca,1
aabacb,1
aabacc,1
aabacd,1
aabace,1
aabacf,1
aabacg,1
aabach,1
aabaci,1
aabacj,1
aabada,1
aabadb,1
aabadc,1
aabadd,1
aabade,1
aabadf,1
aabadg,1
aabadh,1
aabadi,1
aabadj,1
aabaea,1
aabaeb,1
aabaec,1
aabaed,1
aabaee,1
aabaef,1
aabaeg,1
aabaeh,1
aabaei,1
aabaej,1
aabafa,1
aabafb,1
aabafc,1
aabafd,1
aabafe,1
aabaff,1
aabafg,1
aabafh,1
aabafi,1
aabafj,1
aabaga,1
aabagb,1
aabagc,1
aabagd,1
aabage,1
aabagf,1
aabagg,1
aabagh,1
aabagi,1
aabagj,1
aabaha,1
aabahb,1
aabahc,1
aabahd,1
aabahe,1
aabahf,1
aabahg,1
aabahh,1
aabahi,1
aabahj,1
aabaia,1
aabaib,1
aabaic,1
aabaid,1
aabaie,1
aabaif,1
aabaig,1
aabaih,1
aabaii,1
aabaij,1
aabaja,1
aabajb,1
aabajc,1
aabajd,1
aabaje,1
aabajf,1
aabajg,1
aabajh,1
aabaji,1
aabajj,1
aabbaa,1
aabbab,1
aabbac,1
aabbad,1
aabbae,1
aabbaf,1
aabbag,1
aabbah,1
aabbai,1
aabbaj,1
aabbba,1
aabbbb,1
aabbbc,1
aabbbd,1
aabbbe,1
aabbbf,1
aabbbg,1
aabbbh,1
aabbbi,1
aabbbj,1
aabbca,1
aabbcb,1
aabbcc,1
aabbcd,1
aabbce,1
aabbcf,1
aabbcg,1
aabbch,1
aabbci,1
aabbcj,1
aabbda,1
aabbdb,1
aabbdc,1
aabbdd,1
aabbde,1
aabbdf,1
aabbdg,1
aabbdh,1
aabbdi,1
aabbdj,1
aabbea,1
aabbeb,1
aabbec,1
aabbed,1
aabbee,1
aabbef,1
aabbeg,1
aabbeh,1
aabbei,1
aabbej,1
aabbfa,1
aabbfb,1
aabbfc,1
aabbfd,1
aabbfe,1
aabbff,1
aabbfg,1
aabbfh,1
aabbfi,1
aabbfj,1
aabbga,1
aabbgb,1
aabbgc,1
aabbgd,1
aabbge,1
aabbgf,1
aabbgg,1
aabbgh,1
aabbgi,1
aabbgj,1
aabbha,1
aabbhb,1
aabbhc,1
aabbhd,1
aabbhe,1
aabbhf,1
aabbhg,1
aabbhh,1
aabbhi,1
aabbhj,1
aabbia,1
aabbib,1
aabbic,1
aabbid,1
aabbie,1
aabbif,1
aabbig,1
aabbih,1
aabbii,1
aabbij,1
aabbja,1
aabbjb,1
aabbjc,1
aabbjd,1
aabbje,1
aabbjf,1
aabbjg,1
aabbjh,1
aabbji,1
aabbjj,1
aabcaa,1
aabcab,1
aabcac,1
aabcad,1
aabcae,1
aabcaf,1
aabcag,1
aabcah,1
aabcai,1
aabcaj,1
aabcba,1
aabcbb,1
aabcbc,1
aabcbd,1
aabcbe,1
aabcbf,1
aabcbg,1
aabcbh,1
aabcbi,1
aabcbj,1
aabcca,1
aabccb,1
aabccc,1
aabccd,1
aabcce,1
aabccf,1
aabccg,1
aabcch,1
aabcci,1
aabccj,1
aabcda,1
aabcdb,1
aabcdc,1
aabcdd,1
aabcde,1
aabcdf,1
aabcdg,1
aabcdh,1
aabcdi,1
aabcdj,1
aabcea,1
aabceb,1
aabcec,1
aabced,1
aabcee,1
aabcef,1
aabceg,1
aabceh,1
aabcei,1
aabcej,1
aabcfa,1
aabcfb,1
aabcfc,1
aabcfd,1
aabcfe,1
aabcff,1
aabcfg,1
aabcfh,1
aabcfi,1
aabcfj,1
aabcga,1
aabcgb,1
aabcgc,1
aabcgd,1
aabcge,1
aabcgf,1
aabcgg,1
aabcgh,1
aabcgi,1
aabcgj,1
aabcha,1
aabchb,1
aabchc,1
aabchd,1
aabche,1
aabchf,1
aabchg,1
aabchh,1
aabchi,1
aabchj,1
aabcia,1
aabcib,1
aabcic,1
aabcid,1
aabcie,1
aabcif,1
aabcig,1
aabcih,1
aabcii,1
aabcij,1
aabcja,1
aabcjb,1
aabcjc,1
aabcjd,1
aabcje,1
aabcjf,1
aabcjg,1
aabcjh,1
aabcji,1
aabcjj,1
aabdaa,1
aabdab,1
aabdac,1
aabdad,1
aabdae,1
aabdaf,1
aabdag,1
aabdah,1
aabdai,1
aabdaj,1
aabdba,1
aabdbb,1
aabdbc,1
aabdbd,1
aabdbe,1
aabdbf,1
aabdbg,1
aabdbh,1
aabdbi,1
aabdbj,1
aabdca,1
aabdcb,1
aabdcc,1
aabdcd,1
aabdce,1
aabdcf,1
aabdcg,1
aabdch,1
aabdci,1
aabdcj,1
aabdda,1
aabddb,1
aabddc,1
aabddd,1
aabdde,1
aabddf,1
aabddg,1
aabddh,1
aabddi,1
aabddj,1
aabdea,1
aabdeb,1
aabdec,1
aabded,1
aabdee,1
aabdef,1
aabdeg,1
aabdeh,1
aabdei,1
aabdej,1
aabdfa,1
aabdfb,1
aabdfc,1
aabdfd,1
aabdfe,1
aabdff,1
aabdfg,1
aabdfh,1
aabdfi,1
aabdfj,1
aabdga,1
aabdgb,1
aabdgc,1
aabdgd,1
aabdge,1
aabdgf,1
aabdgg,1
aabdgh,1
aabdgi,1
aabdgj,1
aabdha,1
aabdhb,1
aabdhc,1
aabdhd,1
aabdhe,1
aabdhf,1
aabdhg,1
aabdhh,1
aabdhi,1
aabdhj,1
aabdia,1
aabdib,1
aabdic,1
aabdid,1
aabdie,1
aabdif,1
aabdig,1
aabdih,1
aabdii,1
aabdij,1
aabdja,1
aabdjb,1
aabdjc,1
aabdjd,1
aabdje,1
aabdjf,1
aabdjg,1
aabdjh,1
aabdji,1
aabdjj,1
aabeaa,1
aabeab,1
aabeac,1
aabead,1
aabeae,1
aabeaf,1
aabeag,1
aabeah,1
aabeai,1
aabeaj,1
aabeba,1
aabebb,1
aabebc,1
aabebd,1
aabebe,1
aabebf,1
aabebg,1
aabebh,1
aabebi,1
aabebj,1
aabeca,1
aabecb,1
aabecc,1
aabecd,1
aabece,1
aabecf,1
aabecg,1
aabech,1
aabeci,1
aabecj,1
aabeda,1
aabedb,1
aabedc,1
aabedd,1
aabede,1
aabedf,1
aabedg,1
aabedh,1
aabedi,1
aabedj,1
aabeea,1
aabeeb,1
aabeec,1
aabeed,1
aabeee,1
aabeef,1
aabeeg,1
aabeeh,1
aabeei,1
aabeej,1
aabefa,1
aabefb,1
aabefc,1
aabefd,1
aabefe,1
aabeff,1
aabefg,1
aabefh,1
aabefi,1
aabefj,1
aabega,1
aabegb,1
aabegc,1
aabegd,1
aabege,1
aabegf,1
aabegg,1
aabegh,1
aabegi,1
aabegj,1
aabeha,1
aabehb,1
aabehc,1
aabehd,1
aabehe,1
aabehf,1
aabehg,1
aabehh,1
aabehi,1
aabehj,1
aabeia,1
aabeib,1
aabeic,1
aabeid,1
aabeie,1
aabeif,1
aabeig,1
aabeih,1
aabeii,1
aabeij,1
aabeja,1
aabejb,1
aabejc,1
aabejd,1
aabeje,1
aabejf,1
aabejg,1
aabejh,1
aabeji,1
aabejj,1
aabfaa,1
aabfab,1
aabfac,1
aabfad,1
aabfae,1
aabfaf,1
aabfag,1
aabfah,1
aabfai,1
aabfaj,1
aabfba,1
aabfbb,1
aabfbc,1
aabfbd,1
aabfbe,1
aabfbf,1
aabfbg,1
aabfbh,1
aabfbi,1
aabfbj,1
aabfca,1
aabfcb,1
aabfcc,1
aabfcd,1
aabfce,1
aabfcf,1
aabfcg,1
aabfch,1
aabfci,1
aabfcj,1
aabfda,1
aabfdb,1
aabfdc,1
aabfdd,1
aabfde,1
aabfdf,1
aabfdg,1
aabfdh,1
aabfdi,1
aabfdj,1
aabfea,1
aabfeb,1
aabfec,1
aabfed,1
aabfee,1
aabfef,1
aabfeg,1
aabfeh,1
aabfei,1
aabfej,1
aabffa,1
aabffb,1
aabffc,1
aabffd,1
aabffe,1
aabfff,1
aabffg,1
aabffh,1
aabffi,1
aabffj,1
aabfga,1
aabfgb,1
aabfgc,1
aabfgd,1
aabfge,1
aabfgf,1
aabfgg,1
aabfgh,1
aabfgi,1
aabfgj,1
aabfha,1
aabfhb,1
aabfhc,1
aabfhd,1
aabfhe,1
aabfhf,1
aabfhg,1
aabfhh,1
aabfhi,1
aabfhj,1
aabfia,1
aabfib,1
aabfic,1
aabfid,1
aabfie,1
aabfif,1
aabfig,1
aabfih,1
aabfii,1
aabfij,1
aabfja,1
aabfjb,1
aabfjc,1
aabfjd,1
aabfje,1
aabfjf,1
aabfjg,1
aabfjh,1
aabfji,1
aabfjj,1
aabgaa,1
aabgab,1
aabgac,1
aabgad,1
aabgae,1
aabgaf,1
aabgag,1
aabgah,1
aabgai,1
aabgaj,1
aabgba,1
aabgbb,1
aabgbc,1
aabgbd,1
aabgbe,1
aabgbf,1
aabgbg,1
aabgbh,1
aabgbi,1
aabgbj,1
aabgca,1
aabgcb,1
aabgcc,1
aabgcd,1
aabgce,1
aabgcf,1
aabgcg,1
aabgch,1
aabgci,1
aabgcj,1
aabgda,1
aabgdb,1
aabgdc,1
aabgdd,1
aabgde,1
aabgdf,1
aabgdg,1
aabgdh,1
aabgdi,1
aabgdj,1
aabgea,1
aabgeb,1
aabgec,1
aabged,1
aabgee,1
aabgef,1
aabgeg,1
aabgeh,1
aabgei,1
aabgej,1
aabgfa,1
aabgfb,1
aabgfc,1
aabgfd,1
aabgfe,1
aabgff,1
aabgfg,1
aabgfh,1
aabgfi,1
aabgfj,1
aabgga,1
aabggb,1
aabggc,1
aabggd,1
aabgge,1
aabggf,1
aabggg,1
aabggh,1
aabggi,1
aabggj,1
aabgha,1
aabghb,1
aabghc,1
aabghd,1
aabghe,1
aabghf,1
aabghg,1
aabghh,1
aabghi,1
aabghj,1
aabgia,1
aabgib,1
aabgic,1
aabgid,1
aabgie,1
aabgif,1
aabgig,1
aabgih,1
aabgii,1
aabgij,1
aabgja,1
aabgjb,1
aabgjc,1
aabgjd,1
aabgje,1
aabgjf,1
aabgjg,1
aabgjh,1
aabgji,1
aabgjj,1
aabhaa,1
aabhab,1
aabhac,1
aabhad,1
aabhae,1
aabhaf,1
aabhag,1
aabhah,1
aabhai,1
aabhaj,1
aabhba,1
aabhbb,1
aabhbc,1
aabhbd,1
aabhbe,1
aabhbf,1
aabhbg,1
aabhbh,1
aabhbi,1
aabhbj,1
aabhca,1
aabhcb,1
aabhcc,1
aabhcd,1
aabhce,1
aabhcf,1
aabhcg,1
aabhch,1
aabhci,1
aabhcj,1
aabhda,1
aabhdb,1
aabhdc,1
aabhdd,1
aabhde,1
aabhdf,1
aabhdg,1
aabhdh,1
aabhdi,1
aabhdj,1
aabhea,1
aabheb,1
aabhec,1
aabhed,1
aabhee,1
aabhef,1
aabheg,1
aabheh,1
aabhei,1
aabhej,1
aabhfa,1
aabhfb,1
aabhfc,1
aabhfd,1
aabhfe,1
aabhff,1
aabhfg,1
aabhfh,1
aabhfi,1
aabhfj,1
aabhga,1
aabhgb,1
aabhgc,1
aabhgd,1
aabhge,1
aabhgf,1
aabhgg,1
aabhgh,1
aabhgi,1
aabhgj,1
aabhha,1
aabhhb,1
aabhhc,1
aabhhd,1
aabhhe,1
aabhhf,1
aabhhg,1
aabhhh,1
aabhhi,1
aabhhj,1
aabhia,1
aabhib,1
aabhic,1
aabhid,1
aabhie,1
aabhif,1
aabhig,1
aabhih,1
aabhii,1
aabhij,1
aabhja,1
aabhjb,1
aabhjc,1
aabhjd,1
aabhje,1
aabhjf,1
aabhjg,1
aabhjh,1
aabhji,1
aabhjj,1
aabiaa,1
aabiab,1
aabiac,1
aabiad,1
aabiae,1
aabiaf,1
aabiag,1
aabiah,1
aabiai,1
aabiaj,1
aabiba,1
aabibb,1
aabibc,1
aabibd,1
aabibe,1
aabibf,1
aabibg,1
aabibh,1
aabibi,1
aabibj,1
aabica,1
aabicb,1
aabicc,1
aabicd,1
aabice,1
aabicf,1
aabicg,1
aabich,1
aabici,1
aabicj,1
aabida,1
aabidb,1
aabidc,1
aabidd,1
aabide,1
aabidf,1
aabidg,1
aabidh,1
aabidi,1
aabidj,1
aabiea,1
aabieb,1
aabiec,1
aabied,1
aabiee,1
aabief,1
aabieg,1
aabieh,1
aabiei,1
aabiej,1
aabifa,1
aabifb,1
aabifc,1
aabifd,1
aabife,1
aabiff,1
aabifg,1
aabifh,1
aabifi,1
aabifj,1
aabiga,1
aabigb,1
aabigc,1
aabigd,1
aabige,1
aabigf,1
aabigg,1
aabigh,1
aabigi,1
aabigj,1
aabiha,1
aabihb,1
aabihc,1
aabihd,1
aabihe,1
aabihf,1
aabihg,1
aabihh,1
aabihi,1
aabihj,1
aabiia,1
aabiib,1
aabiic,1
aabiid,1
aabiie,1
aabiif,1
aabiig,1
aabiih,1
aabiii,1
aabiij,1
aabija,1
aabijb,1
aabijc,1
aabijd,1
aabije,1
aabijf,1
aabijg,1
aabijh,1
aabiji,1
aabijj,1
aabjaa,1
aabjab,1
aabjac,1
aabjad,1
aabjae,1
aabjaf,1
aabjag,1
aabjah,1
aabjai,1
aabjaj,1
aabjba,1
aabjbb,1
aabjbc,1
aabjbd,1
aabjbe,1
aabjbf,1
aabjbg,1
aabjbh,1
aabjbi,1
aabjbj,1
aabjca,1
aabjcb,1
aabjcc,1
aabjcd,1
aabjce,1
aabjcf,1
aabjcg,1
aabjch,1
aabjci,1
aabjcj,1
aabjda,1
aabjdb,1
aabjdc,1
aabjdd,1
aabjde,1
aabjdf,1
aabjdg,1
aabjdh,1
aabjdi,1
aabjdj,1
aabjea,1
aabjeb,1
aabjec,1
aabjed,1
aabjee,1
aabjef,1
aabjeg,1
aabjeh,1
aabjei,1
aabjej,1
aabjfa,1
aabjfb,1
aabjfc,1
aabjfd,1
aabjfe,1
aabjff,1
aabjfg,1
aabjfh,1
aabjfi,1
aabjfj,1
aabjga,1
aabjgb,1
aabjgc,1
aabjgd,1
aabjge,1
aabjgf,1
aabjgg,1
aabjgh,1
aabjgi,1
aabjgj,1
aabjha,1
aabjhb,1
aabjhc,1
aabjhd,1
aabjhe,1
aabjhf,1
aabjhg,1
aabjhh,1
aabjhi,1
aabjhj,1
aabjia,1
aabjib,1
aabjic,1
aabjid,1
aabjie,1
aabjif,1
aabjig,1
aabjih,1
aabjii,1
aabjij,1
aabjja,1
aabjjb,1
aabjjc,1
aabjjd,1
aabjje,1
aabjjf,1
aabjjg,1
aabjjh,1
aabjji,1
aabjjj,1
aacaaa,1
aacaab,1
aacaac,1
aacaad,1
aacaae,1
aacaaf,1
aacaag,1
aacaah,1
aacaai,1
aacaaj,1
aacaba,1
aacabb,1
aacabc,1
aacabd,1
aacabe,1
aacabf,1
aacabg,1
aacabh,1
aacabi,1
aacabj,1
aacaca,1
aacacb,1
aacacc,1
aacacd,1
aacace,1
aacacf,1
aacacg,1
aacach,1
aacaci,1
aacacj,1
aacada,1
aacadb,1
aacadc,1
aacadd,1
aacade,1
aacadf,1
aacadg,1
aacadh,1
aacadi,1
aacadj,1
aacaea,1
aacaeb,1
aacaec,1
aacaed,1
aacaee,1
aacaef,1
aacaeg,1
aacaeh,1
aacaei,1
aacaej,1
aacafa,1
aacafb,1
aacafc,1
aacafd,1
aacafe,1
aacaff,1
aacafg,1
aacafh,1
aacafi,1
aacafj,1
aacaga,1
aacagb,1
aacagc,1
aacagd,1
aacage,1
aacagf,1
aacagg,1
aacagh,1
aacagi,1
aacagj,1
aacaha,1
aacahb,1
aacahc,1
aacahd,1
aacahe,1
aacahf,1
aacahg,1
aacahh,1
aacahi,1
aacahj,1
aacaia,1
aacaib,1
aacaic,1
aacaid,1
aacaie,1
aacaif,1
aacaig,1
aacaih,1
aacaii,1
aacaij,1
aacaja,1
aacajb,1
aacajc,1
aacajd,1
aacaje,1
aacajf,1
aacajg,1
aacajh,1
aacaji,1
aacajj,1
aacbaa,1
aacbab,1
aacbac,1
aacbad,1
aacbae,1
aacbaf,1
aacbag,1
aacbah,1
aacbai,1
aacbaj,1
aacbba,1
aacbbb,1
aacbbc,1
aacbbd,1
aacbbe,1
aacbbf,1
aacbbg,1
aacbbh,1
aacbbi,1
aacbbj,1
aacbca,1
aacbcb,1
aacbcc,1
aacbcd,1
aacbce,1
aacbcf,1
aacbcg,1
aacbch,1
aacbci,1
aacbcj,1
aacbda,1
aacbdb,1
aacbdc,1
aacbdd,1
aacbde,1
aacbdf,1
aacbdg,1
aacbdh,1
aacbdi,1
aacbdj,1
aacbea,1
aacbeb,1
aacbec,1
aacbed,1
aacbee,1
aacbef,1
aacbeg,1
aacbeh,1
aacbei,1
aacbej,1
aacbfa,1
aacbfb,1
aacbfc,1
aacbfd,1
aacbfe,1
aacbff,1
aacbfg,1
aacbfh,1
aacbfi,1
aacbfj,1
aacbga,1
aacbgb,1
aacbgc,1
aacbgd,1
aacbge,1
aacbgf,1
aacbgg,1
aacbgh,1
aacbgi,1
aacbgj,1
aacbha,1
aacbhb,1
aacbhc,1
aacbhd,1
aacbhe,1
aacbhf,1
aacbhg,1
aacbhh,1
aacbhi,1
aacbhj,1
aacbia,1
aacbib,1
aacbic,1
aacbid,1
aacbie,1
aacbif,1
aacbig,1
aacbih,1
aacbii,1
aacbij,1
aacbja,1
aacbjb,1
aacbjc,1
aacbjd,1
aacbje,1
aacbjf,1
aacbjg,1
aacbjh,1
aacbji,1
aacbjj,1
aaccaa,1
aaccab,1
aaccac,1
aaccad,1
aaccae,1
aaccaf,1
aaccag,1
aaccah,1
aaccai,1
aaccaj,1
aaccba,1
aaccbb,1
aaccbc,1
aaccbd,1
aaccbe,1
aaccbf,1
aaccbg,1
aaccbh,1
aaccbi,1
aaccbj,1
aaccca,1
aacccb,1
aacccc,1
aacccd,1
aaccce,1
aacccf,1
aacccg,1
aaccch,1
aaccci,1
aacccj,1
aaccda,1
aaccdb,1
aaccdc,1
aaccdd,1
aaccde,1
aaccdf,1
aaccdg,1
aaccdh,1
aaccdi,1
aaccdj,1
aaccea,1
aacceb,1
aaccec,1
aacced,1
aaccee,1
aaccef,1
aacceg,1
aacceh,1
aaccei,1
aaccej,1
aaccfa,1
aaccfb,1
aaccfc,1
aaccfd,1
aaccfe,1
aaccff,1
aaccfg,1
aaccfh,1
aaccfi,1
aaccfj,1
aaccga,1
aaccgb,1
aaccgc,1
aaccgd,1
aaccge,1
aaccgf,1
aaccgg,1
aaccgh,1
aaccgi,1
aaccgj,1
aaccha,1
aacchb,1
aacchc,1
aacchd,1
aacche,1
aacchf,1
aacchg,1
aacchh,1
aacchi,1
aacchj,1
aaccia,1
aaccib,1
aaccic,1
aaccid,1
aaccie,1
aaccif,1
aaccig,1
aaccih,1
aaccii,1
aaccij,1
aaccja,1
aaccjb,1
aaccjc,1
aaccjd,1
aaccje,1
aaccjf,1
aaccjg,1
aaccjh,1
aaccji,1
aaccjj,1
aacdaa,1
aacdab,1
aacdac,1
aacdad,1
aacdae,1
aacdaf,1
aacdag,1
aacdah,1
aacdai,1
aacdaj,1
aacdba,1
aacdbb,1
aacdbc,1
aacdbd,1
aacdbe,1
aacdbf,1
aacdbg,1
aacdbh,1
aacdbi,1
aacdbj,1
aacdca,1
aacdcb,1
aacdcc,1
aacdcd,1
aacdce,1
aacdcf,1
aacdcg,1
aacdch,1
aacdci,1
aacdcj,1
aacdda,1
aacddb,1
aacddc,1
aacddd,1
aacdde,1
aacddf,1
aacddg,1
aacddh,1
aacddi,1
aacddj,1
aacdea,1
aacdeb,1
aacdec,1
aacded,1
aacdee,1
aacdef,1
aacdeg,1
aacdeh,1
aacdei,1
aacdej,1
aacdfa,1
aacdfb,1
aacdfc,1
aacdfd,1
aacdfe,1
aacdff,1
aacdfg,1
aacdfh,1
aacdfi,1
aacdfj,1
aacdga,1
aacdgb,1
aacdgc,1
aacdgd,1
aacdge,1
aacdgf,1
aacdgg,1
aacdgh,1
aacdgi,1
aacdgj,1
aacdha,1
aacdhb,1
aacdhc,1
aacdhd,1
aacdhe,1
aacdhf,1
aacdhg,1
aacdhh,1
aacdhi,1
aacdhj,1
aacdia,1
aacdib,1
aacdic,1
aacdid,1
aacdie,1
aacdif,1
aacdig,1
aacdih,1
aacdii,1
aacdij,1
aacdja,1
aacdjb,1
aacdjc,1
aacdjd,1
aacdje,1
aacdjf,1
aacdjg,1
aacdjh,1
aacdji,1
aacdjj,1
aaceaa,1
aaceab,1
aaceac,1
aacead,1
aaceae,1
aaceaf,1
aaceag,1
aaceah,1
aaceai,1
aaceaj,1
aaceba,1
aacebb,1
aacebc,1
aacebd,1
aacebe,1
aacebf,1
aacebg,1
aacebh,1
aacebi,1
aacebj,1
aaceca,1
aacecb,1
aacecc,1
aacecd,1
aacece,1
aacecf,1
aacecg,1
aacech,1
aaceci,1
aacecj,1
aaceda,1
aacedb,1
aacedc,1
aacedd,1
aacede,1
aacedf,1
aacedg,1
aacedh,1
aacedi,1
aacedj,1
aaceea,1
aaceeb,1
aaceec,1
aaceed,1
aaceee,1
aaceef,1
aaceeg,1
aaceeh,1
aaceei,1
aaceej,1
aacefa,1
aacefb,1
aacefc,1
aacefd,1
aacefe,1
aaceff,1
aacefg,1
aacefh,1
aacefi,1
aacefj,1
aacega,1
aacegb,1
aacegc,1
aacegd,1
aacege,1
aacegf,1
aacegg,1
aacegh,1
aacegi,1
aacegj,1
aaceha,1
aacehb,1
aacehc,1
aacehd,1
aacehe,1
aacehf,1
aacehg,1
aacehh,1
aacehi,1
aacehj,1
aaceia,1
aaceib,1
aaceic,1
aaceid,1
aaceie,1
aaceif,1
aaceig,1
aaceih,1
aaceii,1
aaceij,1
aaceja,1
aacejb,1
aacejc,1
aacejd,1
aaceje,1
aacejf,1
aacejg,1
aacejh,1
aaceji,1
aacejj,1
aacfaa,1
aacfab,1
aacfac,1
aacfad,1
aacfae,1
aacfaf,1
aacfag,1
aacfah,1
aacfai,1
aacfaj,1
aacfba,1
aacfbb,1
aacfbc,1
aacfbd,1
aacfbe,1
aacfbf,1
aacfbg,1
aacfbh,1
aacfbi,1
aacfbj,1
aacfca,1
aacfcb,1
aacfcc,1
aacfcd,1
aacfce,1
aacfcf,1
aacfcg,1
aacfch,1
aacfci,1
aacfcj,1
aacfda,1
aacfdb,1
aacfdc,1
aacfdd,1
aacfde,1
aacfdf,1
aacfdg,1
aacfdh,1
aacfdi,1
aacfdj,1
aacfea,1
aacfeb,1
aacfec,1
aacfed,1
aacfee,1
aacfef,1
aacfeg,1
aacfeh,1
aacfei,1
aacfej,1
aacffa,1
aacffb,1
aacffc,1
aacffd,1
aacffe,1
aacfff,1
aacffg,1
aacffh,1
aacffi,1
aacffj,1
aacfga,1
aacfgb,1
aacfgc,1
aacfgd,1
aacfge,1
aacfgf,1
aacfgg,1
aacfgh,1
aacfgi,1
aacfgj,1
aacfha,1
aacfhb,1
aacfhc,1
aacfhd,1
aacfhe,1
aacfhf,1
aacfhg,1
aacfhh,1
aacfhi,1
aacfhj,1
aacfia,1
aacfib,1
aacfic,1
aacfid,1
aacfie,1
aacfif,1
aacfig,1
aacfih,1
aacfii,1
aacfij,1
aacfja,1
aacfjb,1
aacfjc,1
aacfjd,1
aacfje,1
aacfjf,1
aacfjg,1
aacfjh,1
aacfji,1
aacfjj,1
aacgaa,1
aacgab,1
aacgac,1
aacgad,1
aacgae,1
aacgaf,1
aacgag,1
aacgah,1
aacgai,1
aacgaj,1
aacgba,1
aacgbb,1
aacgbc,1
aacgbd,1
aacgbe,1
aacgbf,1
aacgbg,1
aacgbh,1
aacgbi,1
aacgbj,1
aacgca,1
aacgcb,1
aacgcc,1
aacgcd,1
aacgce,1
aacgcf,1
aacgcg,1
aacgch,1
aacgci,1
aacgcj,1
aacgda,1
aacgdb,1
aacgdc,1
aacgdd,1
aacgde,1
aacgdf,1
aacgdg,1
aacgdh,1
aacgdi,1
aacgdj,1
aacgea,1
aacgeb,1
aacgec,1
aacged,1
aacgee,1
aacgef,1
aacgeg,1
aacgeh,1
aacgei,1
aacgej,1
aacgfa,1
aacgfb,1
aacgfc,1
aacgfd,1
aacgfe,1
aacgff,1
aacgfg,1
aacgfh,1
aacgfi,1
aacgfj,1
aacgga,1
aacggb,1
aacggc,1
aacggd,1
aacgge,1
aacggf,1
aacggg,1
aacggh,1
aacggi,1
aacggj,1
aacgha,1
aacghb,1
aacghc,1
aacghd,1
aacghe,1
aacghf,1
aacghg,1
aacghh,1
aacghi,1
aacghj,1
aacgia,1
aacgib,1
aacgic,1
aacgid,1
aacgie,1
aacgif,1
aacgig,1
aacgih,1
aacgii,1
aacgij,1
aacgja,1
aacgjb,1
aacgjc,1
aacgjd,1
aacgje,1
aacgjf,1
aacgjg,1
aacgjh,1
aacgji,1
aacgjj,1
aachaa,1
aachab,1
aachac,1
aachad,1
aachae,1
aachaf,1
aachag,1
aachah,1
aachai,1
aachaj,1
aachba,1
aachbb,1
aachbc,1
aachbd,1
aachbe,1
aachbf,1
aachbg,1
aachbh,1
aachbi,1
aachbj,1
aachca,1
aachcb,1
aachcc,1
aachcd,1
aachce,1
aachcf,1
aachcg,1
aachch,1
aachci,1
aachcj,1
aachda,1
aachdb,1
aachdc,1
aachdd,1
aachde,1
aachdf,1
aachdg,1
aachdh,1
aachdi,1
aachdj,1
aachea,1
aacheb,1
aachec,1
aached,1
aachee,1
aachef,1
aacheg,1
aacheh,1
aachei,1
aachej,1
aachfa,1
aachfb,1
aachfc,1
aachfd,1
aachfe,1
aachff,1
aachfg,1
aachfh,1
aachfi,1
aachfj,1
aachga,1
aachgb,1
aachgc,1
aachgd,1
aachge,1
aachgf,1
aachgg,1
aachgh,1
aachgi,1
aachgj,1
aachha,1
aachhb,1
aachhc,1
aachhd,1
aachhe,1
aachhf,1
aachhg,1
aachhh,1
aachhi,1
aachhj,1
aachia,1
aachib,1
aachic,1
aachid,1
aachie,1
aachif,1
aachig,1
aachih,1
aachii,1
aachij,1
aachja,1
aachjb,1
aachjc,1
aachjd,1
aachje,1
aachjf,1
aachjg,1
aachjh,1
aachji,1
aachjj,1
aaciaa,1
aaciab,1
aaciac,1
aaciad,1
aaciae,1
aaciaf,1
aaciag,1
aaciah,1
aaciai,1
aaciaj,1
aaciba,1
aacibb,1
aacibc,1
aacibd,1
aacibe,1
aacibf,1
aacibg,1
aacibh,1
aacibi,1
aacibj,1
aacica,1
aacicb,1
aacicc,1
aacicd,1
aacice,1
aacicf,1
aacicg,1
aacich,1
aacici,1
aacicj,1
aacida,1
aacidb,1
aacidc,1
aacidd,1
aacide,1
aacidf,1
aacidg,1
aacidh,1
aacidi,1
aacidj,1
aaciea,1
aacieb,1
aaciec,1
aacied,1
aaciee,1
aacief,1
aacieg,1
aacieh,1
aaciei,1
aaciej,1
aacifa,1
aacifb,1
aacifc,1
aacifd,1
aacife,1
aaciff,1
aacifg,1
aacifh,1
aacifi,1
aacifj,1
aaciga,1
aacigb,1
aacigc,1
aacigd,1
aacige,1
aacigf,1
aacigg,1
aacigh,1
aacigi,1
aacigj,1
aaciha,1
aacihb,1
aacihc,1
aacihd,1
aacihe,1
aacihf,1
aacihg,1
aacihh,1
aacihi,1
aacihj,1
aaciia,1
aaciib,1
aaciic,1
aaciid,1
aaciie,1
aaciif,1
aaciig,1
aaciih,1
aaciii,1
aaciij,1
aacija,1
aacijb,1
aacijc,1
aacijd,1
aacije,1
aacijf,1
aacijg,1
aacijh,1
aaciji,1
aacijj,1
aacjaa,1
aacjab,1
aacjac,1
aacjad,1
aacjae,1
aacjaf,1
aacjag,1
aacjah,1
aacjai,1
aacjaj,1
aacjba,1
aacjbb,1
aacjbc,1
aacjbd,1
aacjbe,1
aacjbf,1
aacjbg,1
aacjbh,1
aacjbi,1
aacjbj,1
aacjca,1
aacjcb,1
aacjcc,1
aacjcd,1
aacjce,1
aacjcf,1
aacjcg,1
aacjch,1
aacjci,1
aacjcj,1
aacjda,1
aacjdb,1
aacjdc,1
aacjdd,1
aacjde,1
aacjdf,1
aacjdg,1
aacjdh,1
aacjdi,1
aacjdj,1
aacjea,1
aacjeb,1
aacjec,1
aacjed,1
aacjee,1
aacjef,1
aacjeg,1
aacjeh,1
aacjei,1
aacjej,1
aacjfa,1
aacjfb,1
aacjfc,1
aacjfd,1
aacjfe,1
aacjff,1
aacjfg,1
aacjfh,1
aacjfi,1
aacjfj,1
aacjga,1
aacjgb,1
aacjgc,1
aacjgd,1
aacjge,1
aacjgf,1
aacjgg,1
aacjgh,1
aacjgi,1
aacjgj,1
aacjha,1
aacjhb,1
aacjhc,1
aacjhd,1
aacjhe,1
aacjhf,1
aacjhg,1
aacjhh,1
aacjhi,1
aacjhj,1
aacjia,1
aacjib,1
aacjic,1
aacjid,1
aacjie,1
aacjif,1
aacjig,1
aacjih,1
aacjii,1
aacjij,1
aacjja,1
aacjjb,1
aacjjc,1
aacjjd,1
aacjje,1
aacjjf,1
aacjjg,1
aacjjh,1
aacjji,1
aacjjj,1
aadaaa,1
aadaab,1
aadaac,1
aadaad,1
aadaae,1
aadaaf,1
aadaag,1
aadaah,1
aadaai,1
aadaaj,1
aadaba,1
aadabb,1
aadabc,1
aadabd,1
aadabe,1
aadabf,1
aadabg,1
aadabh,1
aadabi,1
aadabj,1
aadaca,1
aadacb,1
aadacc,1
aadacd,1
aadace,1
aadacf,1
aadacg,1
aadach,1
aadaci,1
aadacj,1
aadada,1
aadadb,1
aadadc,1
aadadd,1
aadade,1
aadadf,1
aadadg,1
aadadh,1
aadadi,1
aadadj,1
aadaea,1
aadaeb,1
aadaec,1
aadaed,1
aadaee,1
aadaef,1
aadaeg,1
aadaeh,1
aadaei,1
aadaej,1
aadafa,1
aadafb,1
aadafc,1
aadafd,1
aadafe,1
aadaff,1
aadafg,1
aadafh,1
aadafi,1
aadafj,1
aadaga,1
aadagb,1
aadagc,1
aadagd,1
aadage,1
aadagf,1
aadagg,1
aadagh,1
aadagi,1
aadagj,1
aadaha,1
aadahb,1
aadahc,1
aadahd,1
aadahe,1
aadahf,1
aadahg,1
aadahh,1
aadahi,1
aadahj,1
aadaia,1
aadaib,1
aadaic,1
aadaid,1
aadaie,1
aadaif,1
aadaig,1
aadaih,1
aadaii,1
aadaij,1
aadaja,1
aadajb,1
aadajc,1
aadajd,1
aadaje,1
aadajf,1
aadajg,1
aadajh,1
aadaji,1
aadajj,1
aadbaa,1
aadbab,1
aadbac,1
aadbad,1
aadbae,1
aadbaf,1
aadbag,1
aadbah,1
aadbai,1
aadbaj,1
aadbba,1
aadbbb,1
aadbbc,1
aadbbd,1
aadbbe,1
aadbbf,1
aadbbg,1
aadbbh,1
aadbbi,1
aadbbj,1
aadbca,1
aadbcb,1
aadbcc,1
aadbcd,1
aadbce,1
aadbcf,1
aadbcg,1
aadbch,1
aadbci,1
aadbcj,1
aadbda,1
aadbdb,1
aadbdc,1
aadbdd,1
aadbde,1
aadbdf,1
aadbdg,1
aadbdh,1
aadbdi,1
aadbdj,1
aadbea,1
aadbeb,1
aadbec,1
aadbed,1
aadbee,1
aadbef,1
aadbeg,1
aadbeh,1
aadbei,1
aadbej,1
aadbfa,1
aadbfb,1
aadbfc,1
aadbfd,1
aadbfe,1
aadbff,1
aadbfg,1
aadbfh,1
aadbfi,1
aadbfj,1
aadbga,1
aadbgb,1
aadbgc,1
aadbgd,1
aadbge,1
aadbgf,1
aadbgg,1
aadbgh,1
aadbgi,1
aadbgj,1
aadbha,1
aadbhb,1
aadbhc,1
aadbhd,1
aadbhe,1
aadbhf,1
aadbhg,1
aadbhh,1
aadbhi,1
aadbhj,1
aadbia,1
aadbib,1
aadbic,1
aadbid,1
aadbie,1
aadbif,1
aadbig,1
aadbih,1
aadbii,1
aadbij,1
aadbja,1
aadbjb,1
aadbjc,1
aadbjd,1
aadbje,1
aadbjf,1
aadbjg,1
aadbjh,1
aadbji,1
aadbjj,1
aadcaa,1
aadcab,1
aadcac,1
aadcad,1
aadcae,1
aadcaf,1
aadcag,1
aadcah,1
aadcai,1
aadcaj,1
aadcba,1
aadcbb,1
aadcbc,1
aadcbd,1
aadcbe,1
aadcbf,1
aadcbg,1
aadcbh,1
aadcbi,1
aadcbj,1
aadcca,1
aadccb,1
aadccc,1
aadccd,1
aadcce,1
aadccf,1
aadccg,1
aadcch,1
aadcci,1
aadccj,1
aadcda,1
aadcdb,1
aadcdc,1
aadcdd,1
aadcde,1
aadcdf,1
aadcdg,1
aadcdh,1
aadcdi,1
aadcdj,1
aadcea,1
aadceb,1
aadcec,1
aadced,1
aadcee,1
aadcef,1
aadceg,1
aadceh,1
aadcei,1
aadcej,1
aadcfa,1
aadcfb,1
aadcfc,1
aadcfd,1
aadcfe,1
aadcff,1
aadcfg,1
aadcfh,1
aadcfi,1
aadcfj,1
aadcga,1
aadcgb,1
aadcgc,1
aadcgd,1
aadcge,1
aadcgf,1
aadcgg,1
aadcgh,1
aadcgi,1
aadcgj,1
aadcha,1
aadchb,1
aadchc,1
aadchd,1
aadche,1
aadchf,1
aadchg,1
aadchh,1
aadchi,1
aadchj,1
aadcia,1
aadcib,1
aadcic,1
aadcid,1
aadcie,1
aadcif,1
aadcig,1
aadcih,1
aadcii,1
aadcij,1
aadcja,1
aadcjb,1
aadcjc,1
aadcjd,1
aadcje,1
aadcjf,1
aadcjg,1
aadcjh,1
aadcji,1
aadcjj,1
aaddaa,1
aaddab,1
aaddac,1
aaddad,1
aaddae,1
aaddaf,1
aaddag,1
aaddah,1
aaddai,1
aaddaj,1
aaddba,1
aaddbb,1
aaddbc,1
aaddbd,1
aaddbe,1
aaddbf,1
aaddbg,1
aaddbh,1
aaddbi,1
aaddbj,1
aaddca,1
aaddcb,1
aaddcc,1
aaddcd,1
aaddce,1
aaddcf,1
aaddcg,1
aaddch,1
aaddci,1
aaddcj,1
aaddda,1
aadddb,1
aadddc,1
aadddd,1
aaddde,1
aadddf,1
aadddg,1
aadddh,1
aadddi,1
aadddj,1
aaddea,1
aaddeb,1
aaddec,1
aadded,1
aaddee,1
aaddef,1
aaddeg,1
aaddeh,1
aaddei,1
aaddej,1
aaddfa,1
aaddfb,1
aaddfc,1
aaddfd,1
aaddfe,1
aaddff,1
aaddfg,1
aaddfh,1
aaddfi,1
aaddfj,1
aaddga,1
aaddgb,1
aaddgc,1
aaddgd,1
aaddge,1
aaddgf,1
aaddgg,1
aaddgh,1
aaddgi,1
aaddgj,1
aaddha,1
aaddhb,1
aaddhc,1
aaddhd,1
aaddhe,1
aaddhf,1
aaddhg,1
aaddhh,1
aaddhi,1
aaddhj,1
aaddia,1
aaddib,1
aaddic,1
aaddid,1
aaddie,1
aaddif,1
aaddig,1
aaddih,1
aaddii,1
aaddij,1
aaddja,1
aaddjb,1
aaddjc,1
aaddjd,1
aaddje,1
aaddjf,1
aaddjg,1
aaddjh,1
aaddji,1
aaddjj,1
aadeaa,1
aadeab,1
aadeac,1
aadead,1
aadeae,1
aadeaf,1
aadeag,1
aadeah,1
aadeai,1
aadeaj,1
aadeba,1
aadebb,1
aadebc,1
aadebd,1
aadebe,1
aadebf,1
aadebg,1
aadebh,1
aadebi,1
aadebj,1
aadeca,1
aadecb,1
aadecc,1
aadecd,1
aadece,1
aadecf,1
aadecg,1
aadech,1
aadeci,1
aadecj,1
aadeda,1
aadedb,1
aadedc,1
aadedd,1
aadede,1
aadedf,1
aadedg,1
aadedh,1
aadedi,1
aadedj,1
aadeea,1
aadeeb,1
aadeec,1
aadeed,1
aadeee,1
aadeef,1
aadeeg,1
aadeeh,1
aadeei,1
aadeej,1
aadefa,1
aadefb,1
aadefc,1
aadefd,1
aadefe,1
aadeff,1
aadefg,1
aadefh,1
aadefi,1
aadefj,1
aadega,1
aadegb,1
aadegc,1
aadegd,1
aadege,1
aadegf,1
aadegg,1
aadegh,1
aadegi,1
aadegj,1
aadeha,1
aadehb,1
aadehc,1
aadehd,1
aadehe,1
aadehf,1
aadehg,1
aadehh,1
aadehi,1
aadehj,1
aadeia,1
aadeib,1
aadeic,1
aadeid,1
aadeie,1
aadeif,1
aadeig,1
aadeih,1
aadeii,1
aadeij,1
aadeja,1
aadejb,1
aadejc,1
aadejd,1
aadeje,1
aadejf,1
aadejg,1
aadejh,1
aadeji,1
aadejj,1
aadfaa,1
aadfab,1
aadfac,1
aadfad,1
aadfae,1
aadfaf,1
aadfag,1
aadfah,1
aadfai,1
aadfaj,1
aadfba,1
aadfbb,1
aadfbc,1
aadfbd,1
aadfbe,1
aadfbf,1
aadfbg,1
aadfbh,1
aadfbi,1
aadfbj,1
aadfca,1
aadfcb,1
aadfcc,1
aadfcd,1
aadfce,1
aadfcf,1
aadfcg,1
aadfch,1
aadfci,1
aadfcj,1
aadfda,1
aadfdb,1
aadfdc,1
aadfdd,1
aadfde,1
aadfdf,1
aadfdg,1
aadfdh,1
aadfdi,1
aadfdj,1
aadfea,1
aadfeb,1
aadfec,1
aadfed,1
aadfee,1
aadfef,1
aadfeg,1
aadfeh,1
aadfei,1
aadfej,1
aadffa,1
aadffb,1
aadffc,1
aadffd,1
aadffe,1
aadfff,1
aadffg,1
aadffh,1
aadffi,1
aadffj,1
aadfga,1
aadfgb,1
aadfgc,1
aadfgd,1
aadfge,1
aadfgf,1
aadfgg,1
aadfgh,1
aadfgi,1
aadfgj,1
aadfha,1
aadfhb,1
aadfhc,1
aadfhd,1
aadfhe,1
aadfhf,1
aadfhg,1
aadfhh,1
aadfhi,1
aadfhj,1
aadfia,1
aadfib,1
aadfic,1
aadfid,1
aadfie,1
aadfif,1
aadfig,1
aadfih,1
aadfii,1
aadfij,1
aadfja,1
aadfjb,1
aadfjc,1
aadfjd,1
aadfje,1
aadfjf,1
aadfjg,1
aadfjh,1
aadfji,1
aadfjj,1
aadgaa,1
aadgab,1
aadgac,1
aadgad,1
aadgae,1
aadgaf,1
aadgag,1
aadgah,1
aadgai,1
aadgaj,1
aadgba,1
aadgbb,1
aadgbc,1
aadgbd,1
aadgbe,1
aadgbf,1
aadgbg,1
aadgbh,1
aadgbi,1
aadgbj,1
aadgca,1
aadgcb,1
aadgcc,1
aadgcd,1
aadgce,1
aadgcf,1
aadgcg,1
aadgch,1
aadgci,1
aadgcj,1
aadgda,1
aadgdb,1
aadgdc,1
aadgdd,1
aadgde,1
aadgdf,1
aadgdg,1
aadgdh,1
aadgdi,1
aadgdj,1
aadgea,1
aadgeb,1
aadgec,1
aadged,1
aadgee,1
aadgef,1
aadgeg,1
aadgeh,1
aadgei,1
aadgej,1
aadgfa,1
aadgfb,1
aadgfc,1
aadgfd,1
aadgfe,1
aadgff,1
aadgfg,1
aadgfh,1
aadgfi,1
aadgfj,1
aadgga,1
aadggb,1
aadggc,1
aadggd,1
aadgge,1
aadggf,1
aadggg,1
aadggh,1
aadggi,1
aadggj,1
aadgha,1
aadghb,1
aadghc,1
aadghd,1
aadghe,1
aadghf,1
aadghg,1
aadghh,1
aadghi,1
aadghj,1
aadgia,1
aadgib,1
aadgic,1
aadgid,1
aadgie,1
aadgif,1
aadgig,1
aadgih,1
aadgii,1
aadgij,1
aadgja,1
aadgjb,1
aadgjc,1
aadgjd,1
aadgje,1
aadgjf,1
aadgjg,1
aadgjh,1
aadgji,1
aadgjj,1
aadhaa,1
aadhab,1
aadhac,1
aadhad,1
aadhae,1
aadhaf,1
aadhag,1
aadhah,1
aadhai,1
aadhaj,1
aadhba,1
aadhbb,1
aadhbc,1
aadhbd,1
aadhbe,1
aadhbf,1
aadhbg,1
aadhbh,1
aadhbi,1
aadhbj,1
aadhca,1
aadhcb,1
aadhcc,1
aadhcd,1
aadhce,1
aadhcf,1
aadhcg,1
aadhch,1
aadhci,1
aadhcj,1
aadhda,1
aadhdb,1
aadhdc,1
aadhdd,1
aadhde,1
aadhdf,1
aadhdg,1
aadhdh,1
aadhdi,1
aadhdj,1
aadhea,1
aadheb,1
aadhec,1
aadhed,1
aadhee,1
aadhef,1
aadheg,1
aadheh,1
aadhei,1
aadhej,1
aadhfa,1
aadhfb,1
aadhfc,1
aadhfd,1
aadhfe,1
aadhff,1
aadhfg,1
aadhfh,1
aadhfi,1
aadhfj,1
aadhga,1
aadhgb,1
aadhgc,1
aadhgd,1
aadhge,1
aadhgf,1
aadhgg,1
aadhgh,1
aadhgi,1
aadhgj,1
aadhha,1
aadhhb,1
aadhhc,1
aadhhd,1
aadhhe,1
aadhhf,1
aadhhg,1
aadhhh,1
aadhhi,1
aadhhj,1
aadhia,1
aadhib,1
aadhic,1
aadhid,1
aadhie,1
aadhif,1
aadhig,1
aadhih,1
aadhii,1
aadhij,1
aadhja,1
aadhjb,1
aadhjc,1
aadhjd,1
aadhje,1
aadhjf,1
aadhjg,1
aadhjh,1
aadhji,1
aadhjj,1
aadiaa,1
aadiab,1
aadiac,1
aadiad,1
aadiae,1
aadiaf,1
aadiag,1
aadiah,1
aadiai,1
aadiaj,1
aadiba,1
aadibb,1
aadibc,1
aadibd,1
aadibe,1
aadibf,1
aadibg,1
aadibh,1
aadibi,1
aadibj,1
aadica,1
aadicb,1
aadicc,1
aadicd,1
aadice,1
aadicf,1
aadicg,1
aadich,1
aadici,1
aadicj,1
aadida,1
aadidb,1
aadidc,1
aadidd,1
aadide,1
aadidf,1
aadidg,1
aadidh,1
aadidi,1
aadidj,1
aadiea,1
aadieb,1
aadiec,1
aadied,1
aadiee,1
aadief,1
aadieg,1
aadieh,1
aadiei,1
aadiej,1
aadifa,1
aadifb,1
aadifc,1
aadifd,1
aadife,1
aadiff,1
aadifg,1
aadifh,1
aadifi,1
aadifj,1
aadiga,1
aadigb,1
aadigc,1
aadigd,1
aadige,1
aadigf,1
aadigg,1
aadigh,1
aadigi,1
aadigj,1
aadiha,1
aadihb,1
aadihc,1
aadihd,1
aadihe,1
aadihf,1
aadihg,1
aadihh,1
aadihi,1
aadihj,1
aadiia,1
aadiib,1
aadiic,1
aadiid,1
aadiie,1
aadiif,1
aadiig,1
aadiih,1
aadiii,1
aadiij,1
aadija,1
aadijb,1
aadijc,1
aadijd,1
aadije,1
aadijf,1
aadijg,1
aadijh,1
aadiji,1
aadijj,1
aadjaa,1
aadjab,1
aadjac,1
aadjad,1
aadjae,1
aadjaf,1
aadjag,1
aadjah,1
aadjai,1
aadjaj,1
aadjba,1
aadjbb,1
aadjbc,1
aadjbd,1
aadjbe,1
aadjbf,1
aadjbg,1
aadjbh,1
aadjbi,1
aadjbj,1
aadjca,1
aadjcb,1
aadjcc,1
aadjcd,1
aadjce,1
aadjcf,1
aadjcg,1
aadjch,1
aadjci,1
aadjcj,1
aadjda,1
aadjdb,1
aadjdc,1
aadjdd,1
aadjde,1
aadjdf,1
aadjdg,1
aadjdh,1
aadjdi,1
aadjdj,1
aadjea,1
aadjeb,1
aadjec,1
aadjed,1
aadjee,1
aadjef,1
aadjeg,1
aadjeh,1
aadjei,1
aadjej,1
aadjfa,1
aadjfb,1
aadjfc,1
aadjfd,1
aadjfe,1
aadjff,1
aadjfg,1
aadjfh,1
aadjfi,1
aadjfj,1
aadjga,1
aadjgb,1
aadjgc,1
aadjgd,1
aadjge,1
aadjgf,1
aadjgg,1
aadjgh,1
aadjgi,1
aadjgj,1
aadjha,1
aadjhb,1
aadjhc,1
aadjhd,1
aadjhe,1
aadjhf,1
aadjhg,1
aadjhh,1
aadjhi,1
aadjhj,1
aadjia,1
aadjib,1
aadjic,1
aadjid,1
aadjie,1
aadjif,1
aadjig,1
aadjih,1
aadjii,1
aadjij,1
aadjja,1
aadjjb,1
aadjjc,1
aadjjd,1
aadjje,1
aadjjf,1
aadjjg,1
aadjjh,1
aadjji,1
aadjjj,1
aaeaaa,1
aaeaab,1
aaeaac,1
aaeaad,1
aaeaae,1
aaeaaf,1
aaeaag,1
aaeaah,1
aaeaai,1
aaeaaj,1
aaeaba,1
aaeabb,1
aaeabc,1
aaeabd,1
aaeabe,1
aaeabf,1
aaeabg,1
aaeabh,1
aaeabi,1
aaeabj,1
aaeaca,1
aaeacb,1
aaeacc,1
aaeacd,1
aaeace,1
aaeacf,1
aaeacg,1
aaeach,1
aaeaci,1
aaeacj,1
aaeada,1
aaeadb,1
aaeadc,1
aaeadd,1
aaeade,1
aaeadf,1
aaeadg,1
aaeadh,1
aaeadi,1
aaeadj,1
aaeaea,1
aaeaeb,1
aaeaec,1
aaeaed,1
aaeaee,1
aaeaef,1
aaeaeg,1
aaeaeh,1
aaeaei,1
aaeaej,1
aaeafa,1
aaeafb,1
aaeafc,1
aaeafd,1
aaeafe,1
aaeaff,1
aaeafg,1
aaeafh,1
aaeafi,1
aaeafj,1
aaeaga,1
aaeagb,1
aaeagc,1
aaeagd,1
aaeage,1
aaeagf,1
aaeagg,1
aaeagh,1
aaeagi,1
aaeagj,1
aaeaha,1
aaeahb,1
aaeahc,1
aaeahd,1
aaeahe,1
aaeahf,1
aaeahg,1
aaeahh,1
aaeahi,1
aaeahj,1
aaeaia,1
aaeaib,1
aaeaic,1
aaeaid,1
aaeaie,1
aaeaif,1
aaeaig,1
aaeaih,1
aaeaii,1
aaeaij,1
aaeaja,1
aaeajb,1
aaeajc,1
aaeajd,1
aaeaje,1
aaeajf,1
aaeajg,1
aaeajh,1
aaeaji,1
aaeajj,1
aaebaa,1
aaebab,1
aaebac,1
aaebad,1
aaebae,1
aaebaf,1
aaebag,1
aaebah,1
aaebai,1
aaebaj,1
aaebba,1
aaebbb,1
aaebbc,1
aaebbd,1
aaebbe,1
aaebbf,1
aaebbg,1
aaebbh,1
aaebbi,1
aaebbj,1
aaebca,1
aaebcb,1
aaebcc,1
aaebcd,1
aaebce,1
aaebcf,1
aaebcg,1
aaebch,1
aaebci,1
aaebcj,1
aaebda,1
aaebdb,1
aaebdc,1
aaebdd,1
aaebde,1
aaebdf,1
aaebdg,1
aaebdh,1
aaebdi,1
aaebdj,1
aaebea,1
aaebeb,1
aaebec,1
aaebed,1
aaebee,1
aaebef,1
aaebeg,1
aaebeh,1
aaebei,1
aaebej,1
aaebfa,1
aaebfb,1
aaebfc,1
aaebfd,1
aaebfe,1
aaebff,1
aaebfg,1
aaebfh,1
aaebfi,1
aaebfj,1
aaebga,1
aaebgb,1
aaebgc,1
aaebgd,1
aaebge,1
aaebgf,1
aaebgg,1
aaebgh,1
aaebgi,1
aaebgj,1
aaebha,1
aaebhb,1
aaebhc,1
aaebhd,1
aaebhe,1
aaebhf,1
aaebhg,1
aaebhh,1
aaebhi,1
aaebhj,1
aaebia,1
aaebib,1
aaebic,1
aaebid,1
aaebie,1
aaebif,1
aaebig,1
aaebih,1
aaebii,1
aaebij,1
aaebja,1
aaebjb,1
aaebjc,1
aaebjd,1
aaebje,1
aaebjf,1
aaebjg,1
aaebjh,1
aaebji,1
aaebjj,1
aaecaa,1
aaecab,1
aaecac,1
aaecad,1
aaecae,1
aaecaf,1
aaecag,1
aaecah,1
aaecai,1
aaecaj,1
aaecba,1
aaecbb,1
aaecbc,1
aaecbd,1
aaecbe,1
aaecbf,1
aaecbg,1
aaecbh,1
aaecbi,1
aaecbj,1
aaecca,1
aaeccb,1
aaeccc,1
aaeccd,1
aaecce,1
aaeccf,1
aaeccg,1
aaecch,1
aaecci,1
aaeccj,1
aaecda,1
aaecdb,1
aaecdc,1
aaecdd,1
aaecde,1
aaecdf,1
aaecdg,1
aaecdh,1
aaecdi,1
aaecdj,1
aaecea,1
aaeceb,1
aaecec,1
aaeced,1
aaecee,1
aaecef,1
aaeceg,1
aaeceh,1
aaecei,1
aaecej,1
aaecfa,1
aaecfb,1
aaecfc,1
aaecfd,1
aaecfe,1
aaecff,1
aaecfg,1
aaecfh,1
aaecfi,1
aaecfj,1
aaecga,1
aaecgb,1
aaecgc,1
aaecgd,1
aaecge,1
aaecgf,1
aaecgg,1
aaecgh,1
aaecgi,1
aaecgj,1
aaecha,1
aaechb,1
aaechc,1
aaechd,1
aaeche,1
aaechf,1
aaechg,1
aaechh,1
aaechi,1
aaechj,1
aaecia,1
aaecib,1
aaecic,1
aaecid,1
aaecie,1
aaecif,1
aaecig,1
aaecih,1
aaecii,1
aaecij,1
aaecja,1
aaecjb,1
aaecjc,1
aaecjd,1
aaecje,1
aaecjf,1
aaecjg,1
aaecjh,1
aaecji,1
aaecjj,1
aaedaa,1
aaedab,1
aaedac,1
aaedad,1
aaedae,1
aaedaf,1
aaedag,1
aaedah,1
aaedai,1
aaedaj,1
aaedba,1
aaedbb,1
aaedbc,1
aaedbd,1
aaedbe,1
aaedbf,1
aaedbg,1
aaedbh,1
aaedbi,1
aaedbj,1
aaedca,1
aaedcb,1
aaedcc,1
aaedcd,1
aaedce,1
aaedcf,1
aaedcg,1
aaedch,1
aaedci,1
aaedcj,1
aaedda,1
aaeddb,1
aaeddc,1
aaeddd,1
aaedde,1
aaeddf,1
aaeddg,1
aaeddh,1
aaeddi,1
aaeddj,1
aaedea,1
aaedeb,1
aaedec,1
aaeded,1
aaedee,1
aaedef,1
aaedeg,1
aaedeh,1
aaedei,1
aaedej,1
aaedfa,1
aaedfb,1
aaedfc,1
aaedfd,1
aaedfe,1
aaedff,1
aaedfg,1
aaedfh,1
aaedfi,1
aaedfj,1
aaedga,1
aaedgb,1
aaedgc,1
aaedgd,1
aaedge,1
aaedgf,1
aaedgg,1
aaedgh,1
aaedgi,1
aaedgj,1
aaedha,1
aaedhb,1
aaedhc,1
aaedhd,1
aaedhe,1
aaedhf,1
aaedhg,1
aaedhh,1
aaedhi,1
aaedhj,1
aaedia,1
aaedib,1
aaedic,1
aaedid,1
aaedie,1
aaedif,1
aaedig,1
aaedih,1
aaedii,1
aaedij,1
aaedja,1
aaedjb,1
aaedjc,1
aaedjd,1
aaedje,1
aaedjf,1
aaedjg,1
aaedjh,1
aaedji,1
aaedjj,1
aaeeaa,1
aaeeab,1
aaeeac,1
aaeead,1
aaeeae,1
aaeeaf,1
aaeeag,1
aaeeah,1
aaeeai,1
aaeeaj,1
aaeeba,1
aaeebb,1
aaeebc,1
aaeebd,1
aaeebe,1
aaeebf,1
aaeebg,1
aaeebh,1
aaeebi,1
aaeebj,1
aaeeca,1
aaeecb,1
aaeecc,1
aaeecd,1
aaeece,1
aaeecf,1
aaeecg,1
aaeech,1
aaeeci,1
aaeecj,1
aaeeda,1
aaeedb,1
aaeedc,1
aaeedd,1
aaeede,1
aaeedf,1
aaeedg,1
aaeedh,1
aaeedi,1
aaeedj,1
aaeeea,1
aaeeeb,1
aaeeec,1
aaeeed,1
aaeeee,1
aaeeef,1
aaeeeg,1
aaeeeh,1
aaeeei,1
aaeeej,1
aaeefa,1
aaeefb,1
aaeefc,1
aaeefd,1
aaeefe,1
aaeeff,1
aaeefg,1
aaeefh,1
aaeefi,1
aaeefj,1
aaeega,1
aaeegb,1
aaeegc,1
aaeegd,1
aaeege,1
aaeegf,1
aaeegg,1
aaeegh,1
aaeegi,1
aaeegj,1
aaeeha,1
aaeehb,1
aaeehc,1
aaeehd,1
aaeehe,1
aaeehf,1
aaeehg,1
aaeehh,1
aaeehi,1
aaeehj,1
aaeeia,1
aaeeib,1
aaeeic,1
aaeeid,1
aaeeie,1
aaeeif,1
aaeeig,1
aaeeih,1
aaeeii,1
aaeeij,1
aaeeja,1
aaeejb,1
aaeejc,1
aaeejd,1
aaeeje,1
aaeejf,1
aaeejg,1
aaeejh,1
aaeeji,1
aaeejj,1
aaefaa,1
aaefab,1
aaefac,1
aaefad,1
aaefae,1
aaefaf,1
aaefag,1
aaefah,1
aaefai,1
aaefaj,1
aaefba,1
aaefbb,1
aaefbc,1
aaefbd,1
aaefbe,1
aaefbf,1
aaefbg,1
aaefbh,1
aaefbi,1
aaefbj,1
aaefca,1
aaefcb,1
aaefcc,1
aaefcd,1
aaefce,1
aaefcf,1
aaefcg,1
aaefch,1
aaefci,1
aaefcj,1
aaefda,1
aaefdb,1
aaefdc,1
aaefdd,1
aaefde,1
aaefdf,1
aaefdg,1
aaefdh,1
aaefdi,1
aaefdj,1
aaefea,1
aaefeb,1
aaefec,1
aaefed,1
aaefee,1
aaefef,1
aaefeg,1
aaefeh,1
aaefei,1
aaefej,1
aaeffa,1
aaeffb,1
aaeffc,1
aaeffd,1
aaeffe,1
aaefff,1
aaeffg,1
aaeffh,1
aaeffi,1
aaeffj,1
aaefga,1
aaefgb,1
aaefgc,1
aaefgd,1
aaefge,1
aaefgf,1
aaefgg,1
aaefgh,1
aaefgi,1
aaefgj,1
aaefha,1
aaefhb,1
aaefhc,1
aaefhd,1
aaefhe,1
aaefhf,1
aaefhg,1
aaefhh,1
aaefhi,1
aaefhj,1
aaefia,1
aaefib,1
aaefic,1
aaefid,1
aaefie,1
aaefif,1
aaefig,1
aaefih,1
aaefii,1
aaefij,1
aaefja,1
aaefjb,1
aaefjc,1
aaefjd,1
aaefje,1
aaefjf,1
aaefjg,1
aaefjh,1
aaefji,1
aaefjj,1
aaegaa,1
aaegab,1
aaegac,1
aaegad,1
aaegae,1
aaegaf,1
aaegag,1
aaegah,1
aaegai,1
aaegaj,1
aaegba,1
aaegbb,1
aaegbc,1
aaegbd,1
aaegbe,1
aaegbf,1
aaegbg,1
aaegbh,1
aaegbi,1
aaegbj,1
aaegca,1
aaegcb,1
aaegcc,1
aaegcd,1
aaegce,1
aaegcf,1
aaegcg,1
aaegch,1
aaegci,1
aaegcj,1
aaegda,1
aaegdb,1
aaegdc,1
aaegdd,1
aaegde,1
aaegdf,1
aaegdg,1
aaegdh,1
aaegdi,1
aaegdj,1
aaegea,1
aaegeb,1
aaegec,1
aaeged,1
aaegee,1
aaegef,1
aaegeg,1
aaegeh,1
aaegei,1
aaegej,1
aaegfa,1
aaegfb,1
aaegfc,1
aaegfd,1
aaegfe,1
aaegff,1
aaegfg,1
aaegfh,1
aaegfi,1
aaegfj,1
aaegga,1
aaeggb,1
aaeggc,1
aaeggd,1
aaegge,1
aaeggf,1
aaeggg,1
aaeggh,1
aaeggi,1
aaeggj,1
aaegha,1
aaeghb,1
aaeghc,1
aaeghd,1
aaeghe,1
aaeghf,1
aaeghg,1
aaeghh,1
aaeghi,1
aaeghj,1
aaegia,1
aaegib,1
aaegic,1
aaegid,1
aaegie,1
aaegif,1
aaegig,1
aaegih,1
aaegii,1
aaegij,1
aaegja,1
aaegjb,1
aaegjc,1
aaegjd,1
aaegje,1
aaegjf,1
aaegjg,1
aaegjh,1
aaegji,1
aaegjj,1
aaehaa,1
aaehab,1
aaehac,1
aaehad,1
aaehae,1
aaehaf,1
aaehag,1
aaehah,1
aaehai,1
aaehaj,1
aaehba,1
aaehbb,1
aaehbc,1
aaehbd,1
aaehbe,1
aaehbf,1
aaehbg,1
aaehbh,1
aaehbi,1
aaehbj,1
aaehca,1
aaehcb,1
aaehcc,1
aaehcd,1
aaehce,1
aaehcf,1
aaehcg,1
aaehch,1
aaehci,1
aaehcj,1
aaehda,1
aaehdb,1
aaehdc,1
aaehdd,1
aaehde,1
aaehdf,1
aaehdg,1
aaehdh,1
aaehdi,1
aaehdj,1
aaehea,1
aaeheb,1
aaehec,1
aaehed,1
aaehee,1
aaehef,1
aaeheg,1
aaeheh,1
aaehei,1
aaehej,1
aaehfa,1
aaehfb,1
aaehfc,1
aaehfd,1
aaehfe,1
aaehff,1
aaehfg,1
aaehfh,1
aaehfi,1
aaehfj,1
aaehga,1
aaehgb,1
aaehgc,1
aaehgd,1
aaehge,1
aaehgf,1
aaehgg,1
aaehgh,1
aaehgi,1
aaehgj,1
aaehha,1
aaehhb,1
aaehhc,1
aaehhd,1
aaehhe,1
aaehhf,1
aaehhg,1
aaehhh,1
aaehhi,1
aaehhj,1
aaehia,1
aaehib,1
aaehic,1
aaehid,1
aaehie,1
aaehif,1
aaehig,1
aaehih,1
aaehii,1
aaehij,1
aaehja,1
aaehjb,1
aaehjc,1
aaehjd,1
aaehje,1
aaehjf,1
aaehjg,1
aaehjh,1
aaehji,1
aaehjj,1
aaeiaa,1
aaeiab,1
aaeiac,1
aaeiad,1
aaeiae,1
aaeiaf,1
aaeiag,1
aaeiah,1
aaeiai,1
aaeiaj,1
aaeiba,1
aaeibb,1
aaeibc,1
aaeibd,1
aaeibe,1
aaeibf,1
aaeibg,1
aaeibh,1
aaeibi,1
aaeibj,1
aaeica,1
aaeicb,1
aaeicc,1
aaeicd,1
aaeice,1
aaeicf,1
aaeicg,1
aaeich,1
aaeici,1
aaeicj,1
aaeida,1
aaeidb,1
aaeidc,1
aaeidd,1
aaeide,1
aaeidf,1
aaeidg,1
aaeidh,1
aaeidi,1
aaeidj,1
aaeiea,1
aaeieb,1
aaeiec,1
aaeied,1
aaeiee,1
aaeief,1
aaeieg,1
aaeieh,1
aaeiei,1
aaeiej,1
aaeifa,1
aaeifb,1
aaeifc,1
aaeifd,1
aaeife,1
aaeiff,1
aaeifg,1
aaeifh,1
aaeifi,1
aaeifj,1
aaeiga,1
aaeigb,1
aaeigc,1
aaeigd,1
aaeige,1
aaeigf,1
aaeigg,1
aaeigh,1
aaeigi,1
aaeigj,1
aaeiha,1
aaeihb,1
aaeihc,1
aaeihd,1
aaeihe,1
aaeihf,1
aaeihg,1
aaeihh,1
aaeihi,1
aaeihj,1
aaeiia,1
aaeiib,1
aaeiic,1
aaeiid,1
aaeiie,1
aaeiif,1
aaeiig,1
aaeiih,1
aaeiii,1
aaeiij,1
aaeija,1
aaeijb,1
aaeijc,1
aaeijd,1
aaeije,1
aaeijf,1
aaeijg,1
aaeijh,1
aaeiji,1
aaeijj,1
aaejaa,1
aaejab,1
aaejac,1
aaejad,1
aaejae,1
aaejaf,1
aaejag,1
aaejah,1
aaejai,1
aaejaj,1
aaejba,1
aaejbb,1
aaejbc,1
aaejbd,1
aaejbe,1
aaejbf,1
aaejbg,1
aaejbh,1
aaejbi,1
aaejbj,1
aaejca,1
aaejcb,1
aaejcc,1
aaejcd,1
aaejce,1
aaejcf,1
aaejcg,1
aaejch,1
aaejci,1
aaejcj,1
aaejda,1
aaejdb,1
aaejdc,1
aaejdd,1
aaejde,1
aaejdf,1
aaejdg,1
aaejdh,1
aaejdi,1
aaejdj,1
aaejea,1
aaejeb,1
aaejec,1
aaejed,1
aaejee,1
aaejef,1
aaejeg,1
aaejeh,1
aaejei,1
aaejej,1
aaejfa,1
aaejfb,1
aaejfc,1
aaejfd,1
aaejfe,1
aaejff,1
aaejfg,1
aaejfh,1
aaejfi,1
aaejfj,1
aaejga,1
aaejgb,1
aaejgc,1
aaejgd,1
aaejge,1
aaejgf,1
aaejgg,1
aaejgh,1
aaejgi,1
aaejgj,1
aaejha,1
aaejhb,1
aaejhc,1
aaejhd,1
aaejhe,1
aaejhf,1
aaejhg,1
aaejhh,1
aaejhi,1
aaejhj,1
aaejia,1
aaejib,1
aaejic,1
aaejid,1
aaejie,1
aaejif,1
aaejig,1
aaejih,1
aaejii,1
aaejij,1
aaejja,1
aaejjb,1
aaejjc,1
